id,tanggal,DOY,stasiun,pengamat,waktu_D,deklinasi,waktu_I,inklinasi,total,H,Z,X,Y
1,2023-11-08,312,JYP,PUR,0:17:00,2.94694,0:30:00,-21.79875,39332,36519.52,-14605.84,36471.23,1877.51
2,2023-11-08,312,JYP,PUR,0:43:00,2.96556,0:52:00,-21.90007,39334,36495.49,-14671.15,36446.62,1888.12
3,2023-11-10,314,JYP,BER,0:19:00,2.96451,0:36:00,-21.98847,39326.58,36465.93,-14724.66,36417.13,1885.92
4,2023-11-10,314,JYP,BER,0:47:00,2.97181,0:56:00,-22.06799,39332.25,36450.72,-14777.38,36401.7,1889.77
5,2023-11-15,319,JYP,BER,0:19:00,3.00222,0:25:00,-22.01104,39497.25,36618.36,-14802.99,36568.1,1917.88
6,2023-11-15,319,JYP,BER,0:34:00,3.00764,0:40:00,-22.0191,39501.3,36620.03,-14809.65,36569.59,1921.42
7,2023-11-17,321,JYP,LDY,1:04:00,3.1416,1:12:00,-21.92965,39328.85,36483.14,-14688.06,36428.31,1999.41
8,2023-11-17,321,JYP,LDY,1:21:00,2.97972,1:33:00,-22.01292,39332.38,36465.02,-14742.39,36415.72,1895.54
9,2023-11-22,326,JYP,ALF,1:06:00,3.02278,1:30:00,-22.00389,39318.53,36454.5,-14731.45,36403.78,1922.35
10,2023-11-22,326,JYP,ALF,1:49:00,3.01,1:56:00,-22.0027,39303.25,36440.64,-14724.97,36390.37,1913.51
11,2023-11-24,328,JYP,RMS,0:14:00,2.96417,0:22:00,-22.01667,39327.63,36459.65,-14742.99,36410.87,1885.38
12,2023-11-24,328,JYP,PRZ,0:29:00,2.97229,0:35:00,-22.0185,39328.8,36460.27,-14744.6,36411.22,1890.57
13,2023-11-29,333,JYP,PUR,0:29:00,2.98035,0:39:00,-22.00208,39321,36457.26,-14731.23,36407.95,1895.54
14,2023-11-29,333,JYP,PUR,0:48:00,2.97639,0:55:00,-21.99194,39325.18,36463.74,-14726.34,36414.55,1893.36
15,2023-12-01,335,JYP,ALF,0:14:00,2.95528,0:25:00,-22.03813,39377.25,36500.13,-14775.27,36451.58,1881.82
16,2023-12-01,335,JYP,ALF,0:47:00,2.95729,1:04:00,-22.00889,39377.25,36507.66,-14756.64,36459.04,1883.49
17,2023-12-06,340,JYP,RMS,1:13:00,2.98875,1:30:00,-22.01083,39323.83,36457.63,-14737.86,36408.04,1900.9
18,2023-12-06,340,JYP,RMS,1:54:00,3,2:09:00,-22.0341,39331.13,36458.41,-14755.4,36408.44,1908.09
19,2023-12-08,342,JYP,PUR,0:25:00,3.01715,0:36:00,-22.01146,39340.38,36472.81,-14744.46,36422.25,1919.74
20,2023-12-08,342,JYP,PUR,0:49:00,3.0266,0:58:00,-22.02306,39341.8,36471.15,-14752.37,36420.28,1925.66
21,2023-12-13,347,JYP,PUR,0:11:00,2.97826,0:22:00,-21.98076,39338.2,36478.69,-14724.1,36429.42,1895.33
22,2023-12-13,347,JYP,PUR,0:33:00,2.9959,0:44:00,-21.97458,39342.98,36484.71,-14721.95,36434.84,1906.86
23,2023-12-15,349,JYP,BER,0:22:00,2.94715,0:30:00,-22.03181,39318.2,36447.02,-14749.09,36398.81,1873.92
24,2023-12-15,349,JYP,RMS,0:48:00,2.94368,1:08:00,-22.02132,39322.15,36453.38,-14743.9,36405.28,1872.04
25,2023-12-20,354,JYP,ALF,0:46:00,2.99396,1:14:00,-22.02521,39338.18,36467.24,-14752.39,36417.46,1904.71
26,2023-12-20,354,JYP,ALF,1:35:00,2.95618,1:47:00,-22.015,39338.18,36469.87,-14745.89,36421.33,1880.83
27,2023-12-23,357,JYP,PUR,0:21:00,3.03632,0:32:00,-22.00424,39352.98,36486.35,-14744.58,36435.13,1932.64
28,2023-12-27,361,JYP,PUR,0:35:00,2.94701,0:47:00,-22.00069,39342.35,36477.41,-14738.35,36429.17,1875.39
29,2023-12-27,361,JYP,PUR,1:14:00,2.97069,1:26:00,-22.00667,39350.73,36483.64,-14745.29,36434.61,1890.77
30,2024-01-05,5,JYP,ALF,1:22:00,3.00083,1:39:00,-22.01632,39343.2,36474.18,-14748.61,36424.17,1909.44
31,2024-01-05,5,JYP,ALF,2:02:00,3.00285,2:16:00,-21.8591,39345.38,36516.53,-14649.28,36466.39,1912.94
32,2024-01-10,10,JYP,ALF,0:30:00,2.96639,0:44:00,-21.97243,39352.75,36494.32,-14724.24,36445.42,1888.59
33,2024-01-10,10,JYP,ALF,1:03:00,2.95875,1:18:00,-22.0016,39355.48,36489.35,-14743.84,36440.71,1883.47
34,2024-01-12,12,JYP,PRZ,7:05:00,3.02708,7:29:00,-21.96757,39308.43,36454.47,-14704.56,36403.6,1925.09
35,2024-01-17,17,JYP,PRZ,0:55:00,3.16243,1:16:00,-22.16806,39340.44,36432.43,-14844.11,36376.95,2009.86
36,2024-01-19,19,JYP,LDY,0:02:00,3.02146,0:06:00,-21.93479,39311.82,36466.02,-14684.98,36415.33,1922.12
37,2024-01-19,19,JYP,BER,0:15:00,3.20785,0:21:00,-22.00896,39316.68,36451.48,-14733.99,36394.37,2039.76
38,2024-01-24,24,JYP,LDY,0:02:00,3.00986,0:22:00,-22.00146,39316.7,36453.43,-14729.22,36403.15,1914.09
39,2024-01-24,24,JYP,BER,0:17:00,3.19104,0:23:00,-21.98271,39334.19,36474.47,-14723.84,36417.92,2030.37
40,2024-01-26,26,JYP,PUR,0:03:00,2.95611,0:08:00,-21.98021,39322.06,36463.87,-14717.71,36415.34,1880.48
41,2024-01-26,26,JYP,LDY,0:18:00,3.17257,0:24:00,-22.05604,39320.19,36442.62,-14765.25,36386.76,2016.86
42,2024-01-26,26,JYP,LDY,0:18:00,3.17257,0:24:00,-22.05604,39320.19,36442.62,-14765.25,36386.76,2016.86
43,2024-01-31,31,JYP,PUR,3:45:00,3.02521,4:00:00,-21.96681,39299.05,36445.97,-14700.57,36395.18,1923.45
44,2024-01-31,31,JYP,PUR,5:00:00,3.03521,5:12:00,-21.96736,39293.73,36440.89,-14698.93,36389.77,1929.53
45,2024-02-02,33,JYP,JAM,0:38:00,2.9634,0:50:00,-21.99389,39313.15,36452.09,-14723.08,36403.34,1884.5
46,2024-02-02,33,JYP,JAM,0:38:00,2.9634,0:50:00,-21.99389,39313.15,36452.09,-14723.08,36403.34,1884.5
47,2024-02-07,38,JYP,LDY,0:17:00,3.20722,0:24:00,-21.93903,39319.7,36472.24,-14690.61,36415.11,2040.53
48,2024-02-09,40,JYP,BER,0:55:00,2.97083,1:13:00,-21.99979,39350.85,36485.53,-14740.95,36436.49,1890.95
49,2024-02-09,40,JYP,ALF,1:29:00,2.96611,1:37:00,-21.99167,39355.78,36492.18,-14737.63,36443.3,1888.3
50,2024-02-14,45,JYP,ALF,1:21:00,3.31285,1:36:00,-21.88694,39338.18,36502.73,-14664.34,36441.73,2109.42
51,2024-02-14,45,JYP,ALF,1:49:00,2.95438,1:36:00,-22.00229,39346.63,36480.97,-14740.96,36432.48,1880.26
52,2024-02-16,47,JYP,BER,1:00:00,3.1984,1:07:00,-21.99063,39317.92,36457.35,-14722.79,36400.56,2034.09
53,2024-02-16,47,JYP,LDY,1:17:00,3.18924,1:23:00,-22.06049,39319.59,36440.92,-14767.86,36384.48,2027.35
54,2024-02-21,52,JYP,LDY,0:30:00,3.31778,0:37:00,-22.15625,39356.7,36450.56,-14842.74,36389.46,2109.53
55,2024-02-21,52,JYP,BER,0:43:00,3.18056,0:50:00,-21.86861,39360.36,36528.01,-14660.93,36471.74,2026.67
56,2024-02-23,54,JYP,PRZ,0:03:00,3.05139,0:09:00,-21.91542,39361.68,36517.24,-14691.25,36465.47,1943.87
57,2024-02-23,54,JYP,LDY,0:34:00,3.3209,0:42:00,-22.16444,39363.84,36455.05,-14850.65,36393.83,2111.78
58,2024-02-28,59,JYP,PRZ,1:43:00,2.94806,2:05:00,-22.1366,39340.26,36440.41,-14824.04,36392.19,1874.15
59,2024-03-01,61,JYP,JAM,0:08:00,3.1616,0:19:00,-22.10181,39304.31,36416.1,-14788.38,36360.68,2008.43
60,2024-03-01,61,JYP,LDY,0:27:00,3.28229,0:32:00,-21.96479,39306.56,36453.44,-14702.1,36393.64,2087.16
61,2024-03-06,66,JYP,ALF,2:01:00,3.00417,2:18:00,-21.96396,39373.33,36515.59,-14726.54,36465.4,1913.73
62,2024-03-06,66,JYP,ALF,2:31:00,2.88597,2:48:00,-21.81347,39373.88,36554.65,-14630.79,36508.28,1840.47
63,2024-03-08,68,JYP,JAM,0:26:00,3.6836,0:36:00,-21.9955,39296.9,36436.61,-14718.02,36361.33,2340.93
64,2024-03-08,68,JYP,BERLIAN,0:54:00,3.68361,1:00:00,-21.99549,39304.65,36443.8,-14720.91,36368.51,2341.4
65,2024-11-06,311,JYP,BER,6:09:00,2.98528,6:24:00,-21.98875,39268.8,36412.29,-14703.2,36362.87,1896.33
66,2024-11-06,311,JYP,RMS,7:05:00,2.95681,7:33:00,-21.9616,39246.63,36398.68,-14677.65,36350.23,1877.56
67,2024-11-08,313,JYP,RMS,0:53:00,2.93424,1:10:00,-21.99889,39403.58,36534.64,-14760.13,36486.75,1870.2
68,2024-11-08,313,JYP,BER,1:25:00,2.93924,1:36:00,-21.98271,39416.98,36551.24,-14754.83,36503.15,1874.23
69,2024-11-13,318,JYP,JAM,0:56:00,3.90181,1:03:00,-22.00153,39319.43,36455.94,-14730.29,36371.44,2480.71
70,2024-11-15,320,JYP,RMS,1:51:00,2.83965,2:20:00,-21.96833,39292.1,36439.13,-14698.94,36394.39,1805.23
71,2024-11-15,320,JYP,JAM,2:34:00,3.31083,2:41:00,-21.97681,39285.43,36430.77,-14701.83,36369.96,2103.98
72,2024-11-20,325,JYP,JAM,0:35:00,3.13326,0:43:00,-21.95618,39319.18,36467.36,-14701.34,36412.84,1993.25
73,2024-11-21,329,JYP,JAM,0:52:00,3.06354,1:00:00,-21.94201,39324.33,36475.77,-14694.24,36423.65,1949.39
74,2024-11-27,332,JYP,JAM,0:46:00,3.16521,0:53:00,-21.88986,39349.23,36512.23,-14670.32,36456.53,2016.03
75,2024-11-27,332,JYP,BER,1:03:00,2.85639,1:11:00,-22.2109,39353.4,36433.33,-14876.25,36388.06,1815.57
76,2024-11-29,334,JYP,JAM,0:08:00,2.93306,0:15:00,-21.98813,39352.7,36490.24,-14734.22,36442.44,1867.17
77,2024-11-29,334,JYP,BER,0:24:00,2.92618,0:32:00,-21.98667,39352.1,36490.06,-14733.06,36442.48,1862.79
78,2024-12-06,341,JYP,RMS,0:44:00,2.89688,0:58:00,-21.98063,39325.07,36466.55,-14719.1,36419.95,1842.96
79,2024-12-06,341,JYP,RMS,0:44:00,2.89688,0:58:00,-21.98063,39325.07,36466.55,-14719.1,36419.95,1842.96
80,2024-12-06,341,JYP,BER,1:10:00,2.93438,1:20:00,-21.97583,39335.97,36477.89,-14720.13,36430.06,1867.38
81,2024-12-11,346,JYP,JAM,0:46:00,3.15972,0:52:00,-22.03333,39294.84,36424.97,-14741.3,36369.59,2007.73
82,2024-12-11,346,JYP,BER,0:58:00,2.94326,1:07:00,-22.0041,39302.63,36439.71,-14725.63,36391.64,1871.07
83,2024-12-13,348,JYP,BER,6:31:00,2.965,6:39:00,-21.9559,39277.53,36428.8,-14685.59,36380.03,1884.31
84,2024-12-13,348,JYP,RMS,6:51:00,2.965,7:06:00,-21.9609,39272.05,36422.44,-14686.72,36373.68,1883.98
85,2024-12-18,353,JYP,MARCENG,6:38:00,3.09667,7:12:00,-22.00396,39231.51,36373.81,-14698.9,36320.69,1964.94
86,2024-12-20,355,JYP,JAM,1:47:00,3.12931,1:56:00,-22.02368,39292.47,36425.26,-14734.28,36370.95,1988.44
87,2024-12-20,355,JYP,RMS,2:11:00,2.90083,2:27:00,-22.05667,39313.28,36436.05,-14763.06,36389.36,1843.94
88,2024-12-25,360,JYP,BER,6:16:00,2.94104,6:24:00,-22.13542,39269.08,36374.79,-14796.47,36326.88,1866.33
89,2024-12-25,360,JYP,JAM,6:43:00,3.1716,6:49:00,-22.19972,39265.63,36354.97,-14835.98,36299.28,2011.39
90,2024-12-27,362,JYP,JAM,0:57:00,3.37278,1:05:00,-21.97021,39310.44,36455.65,-14707,36392.51,2144.76
91,2024-12-27,362,JYP,BER,1:11:00,2.92389,1:17:00,-21.99222,39306.01,36445.89,-14719.34,36398.45,1859.08
92,2025-01-03,3,JYP,JAM,0:51:00,2.87243,0:58:00,-22.02951,39279.88,36412.08,-14733.26,36366.34,1824.7
93,2025-01-03,3,JYP,BER,1:07:00,2.89188,1:13:00,-22.03486,39280.8,36411.56,-14737,36365.19,1837.01
94,2025-01-08,8,JYP,RMS,6:20:00,2.99715,6:30:00,-21.9509,39237.75,36393.19,-14667.54,36343.41,1902.87
95,2025-01-08,8,JYP,RMS,6:40:00,2.9925,6:47:00,-21.98257,39242.72,36389.69,-14689.51,36340.07,1899.73
96,2025-01-10,10,JYP,BER,6:35:00,2.97854,6:43:00,-22.00257,39237.73,36379.93,-14700.34,36330.79,1890.37
97,2025-01-10,10,JYP,RMS,6:53:00,2.92417,7:00:00,-22.00146,39241.53,36383.74,-14701.06,36336.36,1856.09
98,2025-01-15,15,JYP,RMS,0:08:00,2.89236,0:16:00,-22.01326,39272.93,36409.82,-14720.33,36363.43,1837.23
99,2025-01-15,15,JYP,BER,0:27:00,2.88201,0:35:00,-22.01944,39269.13,36404.7,-14722.83,36358.66,1830.41
100,2025-01-17,17,JYP,RMS,1:14:00,2.90743,1:25:00,-21.99521,39310.68,36449.45,-14722.99,36402.54,1848.81
101,2025-01-17,17,JYP,BER,1:39:00,2.91326,1:47:00,-21.99194,39312.15,36451.66,-14721.46,36404.55,1852.62
102,2025-01-22,22,JYP,RMS,6:38:00,2.96451,6:46:00,-21.97493,39245.64,36394.35,-14685.75,36345.64,1882.22
103,2025-01-22,22,JYP,BER,6:55:00,2.95035,7:03:00,-21.97542,39239.44,36388.48,-14683.74,36340.24,1872.93
104,2025-01-24,24,JYP,RMS,6:10:00,2.95569,6:19:00,-21.94521,38862.32,36046.42,-14523.62,35998.47,1858.69
105,2025-01-24,24,JYP,RMS,6:10:00,2.95569,6:19:00,-21.94521,38862.32,36046.42,-14523.62,35998.47,1858.69
106,2025-01-24,24,JYP,BERLIAN,6:29:00,2.95153,6:35:00,-21.93986,38858.02,36043.79,-14518.65,35995.97,1855.93
107,2025-01-29,29,JYP,RMS,0:21:00,2.86153,0:29:00,-21.98618,38660.03,35848.44,-14473.65,35803.74,1789.64
108,2025-01-29,29,JYP,RMS,0:36:00,2.86438,0:44:00,-21.98389,38664.08,35852.78,-14473.74,35807.99,1791.63
109,2025-02-07,38,JYP,RMS,6:36:00,2.96681,6:47:00,-21.96049,38875.51,36054.78,-14538.16,36006.45,1866.1
110,2025-02-07,38,JYP,BER,6:58:00,2.96035,7:04:00,-21.96382,38872.54,36051.18,-14539.15,36003.07,1861.86
111,2025-02-12,43,JYP,RMS,6:33:00,2.9509,6:42:00,-21.97604,39245.93,36394.34,-14686.57,36346.08,1873.59
112,2025-02-12,43,JYP,BER,6:51:00,2.95035,6:58:00,-21.98174,39247.19,36394.04,-14690.65,36345.8,1873.22
113,2025-02-14,45,JYP,RMS,0:18:00,2.87618,0:25:00,-21.99375,39271.01,36413.05,-14707.21,36367.18,1827.12
114,2025-02-14,45,JYP,BER,0:34:00,2.87021,0:42:00,-22.01097,39258.45,36396.99,-14713.45,36351.33,1822.53
115,2025-02-19,50,JYP,RMS,0:17:00,2.89396,0:26:00,-21.98639,39244.06,36389.95,-14692.44,36343.54,1837.24
116,2025-02-21,52,JYP,RMS,0:33:00,2.8984,0:40:00,-21.9791,39255.4,36402.34,-14692.05,36355.77,1840.69
117,2025-02-21,52,JYP,BERLIAN,0:49:00,2.8975,0:57:00,-21.97979,39263.76,36409.91,-14695.62,36363.36,1840.5
118,2025-02-26,57,JYP,JAM,0:15:00,3.19319,0:23:00,-21.88451,39286.53,36455.43,-14643.54,36398.82,2030.67
119,2025-02-26,57,JYP,RMS,0:33:00,2.885,0:43:00,-21.98653,39290.23,36432.73,-14709.81,36386.55,1833.71
120,2025-02-28,59,JYP,RMS,0:49:00,2.82493,1:00:00,-21.96292,39273.38,36423.16,-14688.5,36378.89,1795.09
121,2025-02-28,59,JYP,JAM,1:09:00,2.87813,1:17:00,-22.10375,39278.28,36391.49,-14779.82,36345.58,1827.28
122,2025-03-07,66,JYP,JAM,0:11:00,2.91563,0:18:00,-21.88076,39290.71,36460.26,-14642.71,36413.06,1854.56
123,2025-03-07,66,JYP,BERLIAN,0:26:00,2.9225,0:35:00,-21.965,39293.41,36441.2,-14697.31,36393.81,1857.96
124,2025-03-12,71,JYP,JAM,0:29:00,2.86854,0:38:00,-21.96375,39256.13,36406.95,-14682.57,36361.33,1821.97
125,2025-03-12,71,JYP,BER,0:48:00,2.87938,0:57:00,-21.98625,39253.42,36398.66,-14695.85,36352.71,1828.43
126,2025-03-19,78,JYP,RMS,0:23:00,2.87021,0:42:00,-21.98819,39282.94,36425.53,-14708.14,36379.84,1823.96
127,2025-03-19,78,JYP,BER,0:52:00,2.88368,1:00:00,-21.98333,39272.07,36416.7,-14700.98,36370.59,1832.07
128,2025-03-21,80,JYP,JAM,0:16:00,2.9675,0:23:00,-21.98986,39300.4,36441.3,-14715.74,36392.44,1886.55
129,2025-03-21,80,JYP,BERLIAN,0:30:00,2.89271,0:38:00,-21.98222,39304.62,36447.17,-14712.46,36400.73,1839.34
130,2025-03-26,85,JYP,JAM,0:37:00,2.92063,0:44:00,-22.03632,39263.88,36395.51,-14731.58,36348.23,1854.44
131,2025-03-26,85,JYP,BER,0:50:00,2.91674,0:55:00,-21.9966,39272.86,36414.04,-14709.71,36366.86,1852.92
132,2025-03-28,87,JYP,JAM,0:28:00,2.88889,0:35:00,-21.88035,39288.3,36458.13,-14641.55,36411.8,1837.46
133,2025-03-28,87,JYP,JAM,0:57:00,2.89271,0:56:00,-21.96292,39288.41,36437.1,-14694.12,36390.67,1838.83
134,2025-04-02,92,JYP,RMS,1:05:00,2.90694,1:15:00,-21.95028,39328.02,36477.07,-14700.88,36430.13,1849.9
135,2025-04-02,92,JYP,JAM,1:23:00,2.92556,1:28:00,-21.94792,39330.09,36479.6,-14700.15,36432.05,1861.86
136,2025-04-04,94,JYP,JAM,0:25:00,2.87243,0:35:00,-21.99875,39279.67,36419.79,-14713.63,36374.04,1825.08
137,2025-04-09,99,JYP,JAM,0:16:00,2.83792,0:21:00,-21.98215,39247.24,36393.98,-14690.94,36349.35,1801.89
138,2025-04-11,101,JYP,JAM,0:17:00,2.89451,0:23:00,-22.00326,39264.75,36404.81,-14710.91,36358.36,1838.34
139,2025-04-11,101,JYP,RMS,0:33:00,2.89229,0:41:00,-22.01549,39263.36,36400.37,-14718.15,36354.01,1836.71
140,2025-04-16,106,JYP,JAM,6:55:00,2.92681,7:03:00,-21.97535,39261.78,36409.22,-14692.06,36361.72,1859.06
141,2025-04-16,106,JYP,RMS,7:12:00,2.93007,7:20:00,-21.95514,39245.75,36399.52,-14673.22,36351.93,1860.64
142,2025-04-18,108,JYP,JAM,1:01:00,2.86653,1:08:00,-22.00965,39515.82,36635.93,-14809.06,36590.09,1832.14
143,2025-04-25,115,JYP,RMS,0:27:00,2.89049,0:40:00,-21.98708,39289.66,36432.06,-14709.95,36385.71,1837.16
144,2025-04-25,115,JYP,JAM,0:49:00,2.9025,0:56:00,-21.98375,39300.28,36442.76,-14711.81,36396.01,1845.33
145,2025-04-30,120,JYP,JAM,0:23:00,2.90931,0:30:00,-21.97257,39273.3,36420.6,-14694.6,36373.66,1848.53
146,2025-04-30,120,JYP,RMS,0:39:00,2.90653,0:48:00,-21.95896,39292.46,36441.86,-14693.11,36394.98,1847.85
147,2025-05-02,122,JYP,JAM,0:16:00,2.8959,0:22:00,-22.04278,39273.98,36403.2,-14739.47,36356.71,1839.15
148,2025-05-02,122,JYP,BERLIAN,0:30:00,2.8866,0:36:00,-22.00521,39272.9,36411.86,-14715.2,36365.66,1833.68
149,2025-05-07,127,JYP,RMS,0:27:00,2.89889,0:34:00,-22.0034,39272.48,36411.94,-14713.89,36365.34,1841.48
150,2025-05-07,127,JYP,JAM,0:41:00,2.89868,0:47:00,-21.99854,39275.46,36415.95,-14711.92,36369.35,1841.55
151,2025-05-09,129,JYP,JAM,0:19:00,2.90507,0:25:00,-21.98778,39263.82,36407.91,-14700.72,36361.12,1845.2
152,2025-05-09,129,JYP,BER,0:32:00,2.91181,0:39:00,-21.99389,39262.47,36405.1,-14704.1,36358.1,1849.33
153,2025-05-14,134,JYP,BER,0:29:00,2.89326,0:35:00,-22.00361,39260.34,36400.63,-14709.48,36354.23,1837.34
154,2025-05-14,134,JYP,JAM,0:15:00,2.89479,0:21:00,-22.00715,39266.29,36405.24,-14713.96,36358.78,1838.54
155,2025-05-16,136,JYP,JAM,0:36:00,2.90236,0:43:00,-21.98542,39278.73,36422.35,-14704.8,36375.63,1844.21
156,2025-05-16,136,JYP,BER,0:50:00,2.89813,0:57:00,-21.98507,39272.55,36416.71,-14702.27,36370.13,1841.24
157,2025-05-21,141,JYP,RMS,6:13:00,2.94125,6:25:00,-21.96417,39221.46,36374.69,-14669.87,36326.77,1866.46
158,2025-05-21,141,JYP,BERLIAN,6:36:00,2.94049,6:43:00,-21.97549,39224.48,36374.59,-14678.19,36326.7,1865.97
159,2025-05-23,143,JYP,JAM,0:12:00,2.91924,0:25:00,-21.98458,39291.23,36434.15,-14708.95,36386.87,1855.53
160,2025-05-23,143,JYP,BER,0:37:00,2.90889,0:45:00,-21.97701,39291.28,36436.14,-14704.16,36389.2,1849.06
161,2025-05-28,148,JYP,BER,0:39:00,2.94257,0:46:00,-22.08931,39259.84,36378.12,-14763.71,36330.15,1867.47
162,2025-05-30,150,JYP,JAM,0:09:00,2.93104,0:15:00,-22.03028,39250.75,36384.89,-14722.82,36337.29,1860.51
163,2025-05-30,150,JYP,BER,0:24:00,2.9125,0:30:00,-22.03118,39257.77,36391.16,-14726.03,36344.16,1849.06
164,2025-06-04,155,JYP,RMS,0:11:00,2.89076,0:20:00,-22.03604,39263.62,36395.34,-14731.31,36349.02,1835.49
165,2025-06-04,155,JYP,BER,0:30:00,2.8859,0:35:00,-22.03875,39267.28,36398.03,-14734.4,36351.87,1832.54
166,2025-06-06,157,JYP,JAM,6:07:00,2.86021,6:16:00,-21.99903,39226.13,36370.08,-14693.75,36324.78,1814.84
167,2025-06-06,157,JYP,BERLIAN,6:23:00,2.93007,6:28:00,-21.99674,39221.79,36366.65,-14690.67,36319.1,1858.96
168,2025-06-11,162,JYP,RMS,0:21:00,2.90729,0:28:00,-22.00785,39285.94,36423.28,-14721.76,36376.4,1847.39
169,2025-06-11,162,JYP,BERLIAN,0:37:00,2.91007,0:43:00,-22.0159,39271.14,36407.48,-14721.33,36360.53,1848.35
170,2025-06-13,164,JYP,RMS,0:33:00,2.92028,0:43:00,-22.02604,39226.54,36363.53,-14711.05,36316.31,1852.59
171,2025-06-13,164,JYP,BERLIAN,0:54:00,2.92778,1:00:00,-22.01924,39216.5,36355.97,-14702.96,36308.51,1856.96
172,2025-06-18,169,JYP,JAM,0:25:00,2.94576,0:37:00,-22.02458,39295.38,36427.72,-14735.94,36379.59,1872.04
173,2025-06-20,171,JYP,BER,6:04:00,2.92465,6:09:00,-21.98125,39248.28,36395.18,-14690.75,36347.77,1856.98
174,2025-06-20,171,JYP,JAM,6:17:00,2.8934,6:24:00,-21.98868,39249.27,36394.19,-14695.84,36347.79,1837.1
175,2025-06-25,176,JYP,BERLIAN,0:11:00,2.88833,0:18:00,-21.97806,39294.2,36438.58,-14705.91,36392.29,1836.12
176,2025-06-25,176,JYP,JAM,0:26:00,2.88056,0:32:00,-21.97861,39294.93,36439.12,-14706.54,36393.08,1831.21
177,2025-07-02,183,JYP,JAM,0:45:00,2.91229,0:51:00,-21.99403,39290.63,36431.17,-14714.73,36384.12,1850.97
178,2025-07-02,183,JYP,BERLIAN,0:59:00,2.89854,1:05:00,-21.99708,39289.2,36429.06,-14716.14,36382.45,1842.13
179,2025-07-04,185,JYP,JAM,0:33:00,2.90069,0:42:00,-21.95743,39255.38,36407.87,-14678.28,36361.22,1842.42
180,2025-07-09,190,JYP,JAM,0:14:00,2.89486,0:24:00,-21.97556,39255.23,36403.08,-14689.74,36356.63,1838.48
181,2025-07-09,190,JYP,RMS,0:41:00,2.88993,0:53:00,-22.0016,39285.99,36424.92,-14717.81,36378.6,1836.45
182,2025-07-12,193,JYP,JAM,0:19:00,2.90201,0:25:00,-21.99535,39271.28,36412.89,-14708.32,36366.19,1843.51
183,2025-07-12,193,JYP,BER,0:34:00,2.89965,0:42:00,-21.99306,39276.62,36418.43,-14708.87,36371.8,1842.29
184,2025-07-16,197,JYP,JAM,0:57:00,2.88819,1:07:00,-22.00688,39290.4,36427.66,-14722.81,36381.39,1835.49
185,2025-07-18,199,JYP,JAM,1:25:00,2.88375,1:33:00,-22.04069,39276.18,36405.78,-14738.98,36359.67,1831.56
186,2025-07-23,204,JYP,JAM,0:20:00,2.9,0:28:00,-22.00181,39324.77,36460.83,-14732.47,36414.13,1844.66
187,2025-07-23,204,JYP,BER,0:36:00,2.88264,0:43:00,-22.00236,39320.16,36456.41,-14731.09,36410.28,1833.4
188,2025-07-25,206,JYP,JAM,0:06:00,2.87979,0:12:00,-22,39268.21,36408.85,-14710.13,36362.87,1829.21
189,2025-07-25,206,JYP,BER,0:20:00,2.87993,0:26:00,-21.99938,39279.31,36419.3,-14713.89,36373.31,1829.82
190,2025-07-30,211,JYP,RMS,0:24:00,2.87854,0:39:00,-21.98403,39277.84,36421.88,-14703.58,36375.92,1829.07
191,2025-08-01,213,JYP,JAM,0:16:00,2.89903,0:22:00,-21.99785,39293.44,36432.8,-14718.21,36386.17,1842.62
192,2025-08-01,213,JYP,BERLIAN,0:29:00,2.89299,0:34:00,-22.00146,39299.63,36437.6,-14722.83,36391.16,1839.03
193,2025-08-08,220,JYP,BERLIAN,0:44:00,2.89278,0:48:00,-21.98132,39319.25,36460.97,-14717.36,36414.51,1840.08
194,2025-08-13,225,JYP,Jambari,9:01:00,47.86361,9:01:00,-21.9825,39215.04,36364.03,-14679.1,24396.55,26965.74
195,2025-08-13,225,JYP,Berlian,9:02:00,2.86361,9:02:00,-21.9825,39259.64,36405.39,-14695.8,36359.93,1818.76
196,2025-08-19,231,JYP,Berlian,9:42:00,2.86361,9:42:00,-21.9825,39314.25,36456.03,-14716.24,36410.51,1821.29
197,2025-08-19,231,JYP,Jambari,9:42:00,2.86361,9:42:00,-21.9825,39314.25,36456.03,-14716.24,36410.51,1821.29
198,2025-08-20,232,JYP,Jambari,7:17:00,2.86361,9:43:00,-21.9825,39314.25,36456.03,-14716.24,36410.51,1821.29
199,2025-08-22,234,JYP,Berlian,10:00:00,2.86361,10:01:00,-21.9825,39333.9,36474.26,-14723.6,36428.71,1822.2
200,2025-08-27,239,JYP,Rivaldo,0:40:00,2.85382,0:51:00,-21.97089,39330.66,36474.23,-14715,36429,1815.98
201,2025-08-27,239,JYP,Jambari,0:22:00,2.85324,0:29:00,-21.97969,39322.72,36464.61,-14717.62,36419.4,1815.13
202,2025-08-29,241,JYP,Berlian,0:36:00,2.85391,0:43:00,-21.9771,39330.2,36472.21,-14718.77,36426.97,1815.94
203,2025-08-29,241,JYP,Jambari,0:17:00,2.85902,0:26:00,-21.98705,39330.22,36469.68,-14725.12,36424.28,1819.06
204,2025-09-12,255,JYP,Rivaldo,0:45:00,2.87439,0:54:00,-21.98943,39297.31,36438.54,-14714.31,36392.7,1827.27
205,2025-09-24,267,JYP,Jambari,0:44:00,2.86883,0:50:00,-22.00349,39316.96,36453.15,-14730.61,36407.46,1824.47
206,2025-09-24,267,JYP,Jambari,0:44:00,2.86883,0:50:00,-22.00349,39316.96,36453.15,-14730.61,36407.46,1824.47
207,2025-09-26,269,JYP,Berlian,0:33:00,2.86161,0:38:00,-21.98331,39310.78,36452.61,-14715.46,36407.15,1819.85
208,2025-09-26,269,JYP,Jambari,0:17:00,2.85628,0:25:00,-21.98144,39328.73,36469.74,-14720.99,36424.43,1817.32
209,2025-10-01,274,JYP,Jambari,0:43:00,2.87191,0:51:00,-22.04413,39253.91,36384.26,-14732.8,36338.56,1822.97
210,2025-10-03,276,JYP,Jambari,0:36:00,2.88809,0:43:00,-22.01092,39278.2,36415.31,-14720.81,36369.06,1834.8
211,2025-10-03,276,JYP,Rivaldo,0:20:00,2.86361,0:28:00,-22.03722,39262.35,36393.85,-14731.58,36348.41,1818.19
212,2025-10-10,283,JYP,Rivaldo,0:29:00,2.8619,0:34:00,-21.9591,39311.25,36459.26,-14700.23,36413.79,1820.37
213,2025-10-10,283,JYP,Jambari,0:43:00,47.8678,0:47:00,-21.99931,39317.45,36454.68,-14728.13,24455.39,27034.75
214,2025-10-17,290,JYP,Berlian,6:54:00,2.93379,6:59:00,-21.98286,39281.23,36425.32,-14704.11,36377.58,1864.32
215,2025-10-17,290,JYP,Berlian,6:54:00,2.93379,6:59:00,-21.98286,39281.23,36425.32,-14704.11,36377.58,1864.32
216,2025-10-22,295,JYP,Rivaldo,0:07:00,47.84777,0:13:00,-22.01771,39300.89,36434.59,-14733.63,24451.35,27011.31
217,2025-10-22,295,JYP,Jambari,0:21:00,2.8426,0:25:00,-22.01929,39316.73,36448.87,-14740.58,36404.03,1807.58
218,2025-10-24,297,JYP,Rivaldo,7:09:00,2.91525,7:18:00,-21.97346,39261.61,36409.54,-14690.79,36362.42,1851.74
219,2025-10-24,297,JYP,Berlian,7:25:00,2.91322,7:31:00,-21.98156,39265.5,36411.07,-14697.39,36364.02,1850.54
220,2025-10-31,304,JYP,Berlian,0:35:00,2.88573,0:41:00,-22.0509,39277.85,36404.7,-14746.09,36358.54,1832.76
221,2025-11-26,330,JYP,Rivaldo,6:48:00,2.94866,6:59:00,-21.98124,39241.53,36388.92,-14688.22,36340.74,1871.89
222,2025-11-26,330,JYP,Alif,7:15:00,2.94349,7:31:00,-22.03063,36737.62,34055.16,-13780.36,34010.23,1748.76
223,2025-11-28,332,JYP,Rivaldo,0:32:00,2.86561,0:38:00,-21.99762,39272.87,36413.78,-14710.36,36368.25,1820.45
224,2025-11-28,332,JYP,Berlian,0:46:00,2.87095,0:51:00,-22.00601,39277.37,36415.8,-14717.38,36370.09,1823.94
225,2025-12-05,339,JYP,Rivaldo,0:32:00,2.8678,0:39:00,-22.01918,39282.79,36417.44,-14727.78,36371.83,1822.02
226,2025-12-05,339,JYP,Berlian,0:51:00,2.87929,0:59:00,-22.02181,39282.83,36416.8,-14729.47,36370.82,1829.29
227,2026-01-09,9,JYP,Berlian,6:48:00,2.87403,6:56:00,-22.02356,39220.01,36358.11,-14707.03,36312.38,1823
228,2026-01-14,14,JYP,Berlian,6:41:00,2.88103,7:04:00,-22.04633,39198.57,36332.39,-14713.43,36286.47,1826.15
229,2026-01-21,21,JYP,Rivaldo,0:24:00,2.80527,0:31:00,-22.11572,39054.79,36181.35,-14703.29,36137.99,1770.77
230,2026-01-30,30,JYP,Berlian,0:18:00,2.81769,0:25:00,-22.06676,39185.96,36315.46,-14721.64,36271.56,1785.2
231,2026-01-30,30,JYP,Richard,0:56:00,2.69875,1:42:00,-22.1085,39203.24,36320.74,-14754.6,36280.45,1710.15